id	BarcodeSequence	LinkerPrimerSequence	BSpecies	Description	Year	Date	shannon	faith_pd	Month
Hipp1	CGTAGCGAGATCGTGT	N	SSHA	SSHA_1-1-A	2015	9.8.2015	1.40011551	2.936105591	Sept
Hipp10	ATAGTACCTCGACGAG	N	RTHA	RTHA_8-2-A	2015	9.24.2015	0.233397229	0.672049021	Sept
Hipp11	CGTAGCGACTACTATA	N	SSHA	SSHA_9-1-B	2015	9.25.2015	0.247980388	0.556277511	Sept
Hipp12	CGTAGCGATACGAGAC	N	COHA	COHA_11-1-A	2015	10.1.2015	0.683357774	1.412908244	Oct
Hipp13	TGCTCGTAGTCAGATA	N	COHA	COHA_14-1-B	2015	10.23.2015	1.457678766	3.899876473	Oct
Hipp14	GCGTATACACGTCTCG	N	RTHA	RTHA_16-1-A	2015	11.23.2015	0.191373906	0.482031595	Nov
Hipp2	AACGCTGATACGAGAC	N	RTHA	RTHA_1-2-A	2015	9.8.2015	1.63812146	3.495835067	Sept
Hipp3	GCGTATACTCGACGAG	N	COHA	COHA_2-1-A	2015	9.14.2015	0.847313074	6.163311477	Sept
Hipp4	GCGTATACCGTTACTA	N	SSHA	SSHA_3-1-A	2015	9.15.2015	1.977603558	2.105547677	Sept
Hipp5	CGTAGCGAGTCAGATA	N	BAEA	BAEA_4-1-A	2015	9.17.2015	1.412394063	0.944615376	Sept
Hipp6	CGTAGCGAACGTCTCG	N	BWHA	BWHA_5-1-A	2015	9.18.2015	0.257479895	1.493542355	Sept
Hipp7	ACGTGCGCCTACTATA	N	COHA	COHA_5-2-A	2015	9.18.2015	0.26627068	4.232617521	Sept
Hipp8	TGCTCGTAGATCGTGT	N	SSHA	SSHA_7-1-A	2015	9.22.2015	0.3433098	3.322660623	Sept
Hipp9	CGTAGCGATCGACGAG	N	COHA	COHA_8-1-A	2015	9.24.2015	1.685722795	1.268419981	Sept
Hipps17	CGTAGCGACTACTATA	N	RTHA	RTHA_3-3-B5	2016	9.16.2016	0.459413033	0.552392914	Sept
Hipps18	CGTAGCGATACGAGAC	N	RTHA	RTHA_3-3-B2	2016	9.16.2016	0.140456179	2.061144837	Sept
Hipps19	TGCTCGTAGTCAGATA	N	RTHA	RTHA_3-3-A	2016	9.16.2016	0.08251081	2.233143384	Sept
Hipps15	CGTAGCGAGATCGTGT	N	BWHA	BWHA_4-1-A	2016	9.21.2016	1.734719714	4.29842565	Sept
Hipps20	GCGTATACACGTCTCG	N	RTHA	RTHA_5-1-B3	2016	9.22.2016	2.368848264	9.610268351	Sept
Hipps21	AACGCTGATACGAGAC	N	RTHA	RTHA_5-1-B1	2016	9.22.2016	1.154613138	0.754119697	Sept
Hipps16	ATAGTACCTCGACGAG	N	BWHA	BWHA_6-1-A	2016	9.23.2016	1.721626387	4.731968088	Sept
Hipps22	GCGTATACTCGACGAG	N	RTHA	RTHA_20-1-A	2016	9.24.2016	1.117646642	1.182075616	Sept
Hipps23	GCGTATACCGTTACTA	N	RTHA	RTHA_7-1-B	2016	9.26.2016	1.342796807	4.40209082	Sept
Hipps24	CGTAGCGAGTCAGATA	N	RTHA	RTHA_8-1-B2	2016	10.4.2016	0.045614141	4.91932605	Oct
Hipps25	CGTAGCGAACGTCTCG	N	RTHA	RTHA_8-1-B1	2016	10.4.2016	0.849275468	1.032407956	Oct
Hipps30	ATAGTACCTCGACGAG	N	SSHA	SSHA_8-2-B1	2016	10.4.2016	0.023512395	1.535589875	Oct
Hipps26	ACGTGCGCCTACTATA	N	RTHA	RTHA_12-3-B5	2016	11.1.2016	0.009383864	0.494655164	Nov
Hipps27	TGCTCGTAGATCGTGT	N	RTHA	RTHA_12-3-B1	2016	11.1.2016	1.629450451	1.055148309	Nov
Hipps28	CGTAGCGATCGACGAG	N	RTHA	RTHA_15-1-B	2016	11.7.2016	1.664986752	2.437302266	Nov
Hipps29	CGTAGCGAGATCGTGT	N	RTHA	RTHA_16-3-B	2016	11.11.2016	1.171531146	4.898045476	Nov
Hipps31	TGAGTACGCTACTATA	N	NOGO	16-2-A	2016	11.11.2016	0.154245528	2.287519025	Nov
Hipps32	ACTCACTGTACGAGAC	N	NOGO	17-1-B	2016	11.12.2016	0.289819761	1.660303786	Nov
Hipps33	CTGCGTAGGATCGTGT	N	RSHA	12-1-B	2016	11.1.2016	1.519911695	2.51591443	Nov
Hipps34	CGAGCGACAGAGTCAC	N	BWHA	3-1-B	2016	9.16.2016	0.228752933	1.800504777	Sept
Hipps35	CGAGCGACGGATATCT	N	BWHA	6-1-A	2016	9.23.2016	0.039793763	1.222200725	Sept
Hipps36	TGAGTACGTACGAGAC	N	SSHA	1-1-B	2016	9.13.2016	1.14761919	2.521058256	Sept
Hipps37	CGAGCGACGATCGTGT	N	SSHA	5-2-A	2016	9.22.2016	0.85739097	2.855387746	Sept
Hipps38	CTGCGTAGGTCAGATA	N	SSHA	8-2-B2	2016	10.4.2016	0.194249089	2.544037858	Oct
Hipps39	ACTCACTGGATCGTGT	N	COHA	8-3-A	2016	10.4.2016	2.801735544	3.608832953	Oct
Hipps40	TAGTCTCCCGTTACTA	N	COHA	12-2-A	2016	11.1.2016	1.344253593	1.458591092	Nov
